Unnamed: 0,Unnamed: 1,Unnamed: 2,Unnamed: 3,Unnamed: 4,Unnamed: 5,Unnamed: 6,Unnamed: 7,Unnamed: 8
,,,,,,,,
2023-09-01 00:00:00,,,,,,,,
,,,,,,,,
,,,,,,A OR SC,,
,,NY,G+B,MP,,KH+ SDM ,,
,,,,,,,,
,,,,,,,,
WEEK OF ,SUN,MON 18,TUES 19,WED 20,THURS 21,FRI 22,SAT,
NOTES:,,,,,,,,
,,,,,,,,
,,NY:ANG,G+BEACH:ANG,MP:ANG,ANG OFF,AJ +KH+ SDM:ANG,,
,,,,,,,,
,,,,,,,,
,,,,,,,,
,,,,,,,,
,,,,,,,,
,,,,,,,,
,,,,,,,,
,,,,,,,,
,,,,,,,,
,,,,,,,,
,,,,,,,,
,,,,,,,,
,,,,,,,,
,,,,,,,,
,,,,,,,,
,,,,,,,,
,,,,,,,,
,,,,,,,,
,,,,,,,,
SUN,MON,TUES,WED,THURS,FRI,SAT,,
,NY:ANG,G+BEACH:ANG,MP:ANG,,A+SDM:WILL,,,
,,,,,,,,
COTTAGE DO NOT BOOK,,,,,,,,
,,,,,,,,
,,,,,,,,
,,,,,,,,
,,,,,,,,
,,,,,,,,
,,,,,,,,
,,,,,,,,
,,,,,,,,
,,,,,,,,
,,,,,,,,
,,,,,,,,
,,,,,,,,
,,,,,,,,
2023-10-01 00:00:00,,,,,,,,
,,,,,,,,
,,,,,,,,
,,,,,A OR SC,,,
,NY,G+B,MP,,KH+ SDM ,,,
,,,,,,,,
2023-10-01 00:00:00,2023-10-02 00:00:00,TUES OCT 3,2023-10-04 00:00:00,THURS OCT 5,2023-10-06 00:00:00,2023-10-07 00:00:00,,
,,,,,,,,
,,BEACHES+ KH:WILL,NY + GABBYS :WILL+K,,MP:WILL+K,,,
,,,,,,,,
,,,,,,,,
,,,,,,,,
,,,,,,,,
,,,,,,,,
,,,,,,,,
,,,,,,,,
,,,,,,,,
,,,,,,,,
,,,,,,,,
,,,,,,,,
,,,,,,,,
,,,,,,,,
,,,,,,,,
,,,,,,,,
,,,,,,,,
,,,,,,,,
,,,,,A OR SC,,,
,NY,G+B,MP,,KH+ SDM ,,,
,,,,,,,,
SUN 8,MON 9,TUES 10,WED 11,THURS 12,FRI 13,SAT,,
,,,,,,,,
,NY:,BEACHES:,AJ+ SDM,,MP:,,,
,,,,,,,,
,,,,,,,,
,,,,,,,,
,,,,,,,,
,,,,,,,,
,,,,,,,,
,,,,,,,,
,,,,,,,,
,,,,,,,,
,,,,,,,,
,,,,,,,,
,,,,,,,,
,,,,,,,,
,,,,,,,,
,,,,,,,,
,,,,,,,,
,,,,,,,,
,,,,,,,,
,,,,,,,,
,,,,,,,,
SUN,MON,TUES,WED,THURS,FRI,SAT,,
,,,,,,,,
,,,,,,,,
,,MISSING WEEK WILL FILL IN ,,,,,,
,,,,,,,,
,,,,,,,,
,,,,,,,,
,,,,,,,,
,,,,,,,,
,,,,,,,,
,,,,,,,,
,,,,,,,,
,,,,,,,,
,,,,,,,,
,,,,,,,,
,,,,,,,,
,,,,,,,,
,,,,,,,,
,,,,,,,,
,,,,,,,,
,,,,,,,,
,NY,GABB+BEACHES,MP,SCAR OR AJAX+SDM,,,,
,,,,,,,,
SUN 22,MON 23,TUES 24,WED 25,THURS 26,FRI 27,SAT 28,,
,,,,,,,,
,BEACH: WILL+DERICK,,,NY:DER+KA,,,,
,,PPRWRK:KA HALF DAY,,SCAR+SDM:WI,"MP: KA, DER, WI",,,
,,,,,,,,
,,,,,,,,
,,,,,,,,
,,,,,,,,
,,,,,,,,
,,,,,,,,
,,,,,,,,
,,,,,,,,
,,,,,,,,
,,,,,,,,
,,,,,,,,
,,,,,,,,
,,,,,,,,
,,,,,,,,
,,,,,,,,
OCTOBER,,,,,,,,
,,,,,,,,
,NY,GABB+BEACHES,MP,SCAR OR AJAX+SDM,,,,
,,,,,,,,
SUN 29,MON 30,TUES 31,WED 01,THURS 02,FRI 03,SAT,,
,,,,,,,,
,OFF KA,"BE: DE,KA",,GABBYS SKIPPED,,,,
,OFF DE,,,,SCAR+SDM+KH,,,
,WILL OTHER JOB ,,"NY:KA,WI, (DER 9AM)","MP:KA, DER- reg route not essentials ",KA:PPRWRK PM,,,
,,,,,,,,
,,"SUPERSTORE LOWERS JOB:, KA,DE",1403 SHOPPERS -CALL AHEAD,,,,,
,,,,,,,,
,,"LOWERS 396 St. Clair: KA, DE",,,,,,
,,,,,,,,
,,,,,,,,
,,,,,,,,
,,,,,,,,
,,,,,,,,
,,,,,,,,
,,,,,,,,
,,,,,,,,
2023-11-01 00:00:00,,,,,,,,
,,,,,,,,
,,,,,,,,
,,,,,,,,
,NY,GABB+BEACHES,MP,SCAR OR AJAX+SDM,,,,
,,,,,,,,
SUN 05,MON 06,TUES 07,WED 08,THURS 09,FRI 10,SAT,,
,,,,,"GABBYS:DER,KA",,,
,WILL UNNAVAILABLE,KA RESI,"MP:DER, WI","NY: KA, DER -ASK AUDIE ABOUT SPEED","10 LOWER JARVIS LOBLAWS LOWERS: DER, KA",,,
,,,,,,,,
,DERICK TESLA,"BEACH+ GABB+ VINDALOO CUISINE:WI, DER",,3218 YONGE STREET ROUTE JOB,AJAX ROUTE+2X SHOPPERS:WI,,,
,,,,,,,,
,AUDIE TRAIN DERICK ON INVOICE GET PAID ASAP,,,WILL OFF,SDM,,,
,,,,,,,,
,PPRWRK PM:KA,,,,,,,
,,,,,,,,
,,,,,,,,
,,,,,,,,
,,,,,,,,
,,,,,,,,
,,,,,,,,
,,,,,,,,
,,,,,,,,
,,,,,,,,
,,,,,,,,
,,,,,,,,
,NY,GABB+BEACHES,MP,SCAR OR AJAX+SDM,KH,,,
,,,,,,,,
SUN 12,MON 13,TUES 14,WED 15,THURS 16,FRI 17,SAT 18,,
,,,,,,,,
,Tesla:DE,PPRWRK:KA,"BEACHES: WI,DER","GABB+SCAR: KA,DER","MP:DER,WIL",,,
,WILL OFF,,KA OFF AM,,,,,
,KA OFF,"NY:WI,DE",PPRWORK:KA PM,SDM+NY LEFTOVERS+KH:WI-PM,,,,
,,,,,,,,
,,,KALEIGH ASSESS FEILD TEAMS DAY- MAYBE ADD SOME JOBS TO FILL THE DAY OR ASK SCHEDULING,KALEIGH ASSESS FEILD TEAM 1 DAY- MAYBE ADD SOME JOBS TO FILL THE DAY OR ASK SCHEDULING,,,,
,,,,,KA OFF,,,
,,,,,,,,
,,,,,,,,
,,,,,,,,
,,,,,,,,
,,,,,,,,
,,,,,,,,
,,,,,,,,
,,,,,,,,
,,,,,,,,
,,,,,,,,
,KA OFF,PPRWRK:KA,WI FLOORS 3 STORES,,WI FLOORS,,,
,DERICK TESLA,,,,,,,
,NY,GABB+BEACHES,MP,SCAR OR AJAX+SDM,KH,,,
,,,,,,,,
SUN 19,MON 20,TUES 21,WED 22,THURS 23,FRI 24,SAT 25,,
,,,,,,,,
,TESLA: DE,"BEACHES: KA,DER",MGMT JOB : DER,"NY: KA,DER","GABB+ MP:WI, DER",,,
,,,,,,,,
,KA OFF,MGMT JOB : WI,PPRWRK:KA,SDM:WI PM,,,,
,,,,,,,,
,WILL OFF,,AJAX+ SOME MP,,KA OFF,,,
,,,,,,,,
,,,,,,,,
,,,,,,,,
,,,,,,,,
,,,,,,,,
,,,,,,,,
,,,,,,,,
,,,,,,,,
,,,,,,,,
,,,,,,,,
,,,,,,,,
,KA OFF,7 AM SYNC UP ALL TEAMS,WI FLOORS ,,,,,
,DERICK TESLA,,,,,,,
,GABB+BEACHES+KH,NY,MP,SCAR OR AJAX+SDM,,,,
,,,,,,,,
SUN 26,MON 27,TUES 28,WED 29,THURS 30,FRI 01,SAT 02,,
NOTES:,,,,,,,,
,TESLA:DE,,GABBY'+ BEACHES:WI,VP/EG. SHOPPERS:KA+DER,SCAR+KH+SDM: WI,,,
CHECK WEEK - ,,"MGMT JOB :KA,DER,WI",MGMT JOB: KA AM,NY:KA DER,,,,
Will is needed for 1 day at the beginning and end of every month,,,PPRWRK:KA -PM,MGMT JOB:WI,"MP:KA,DER",,,
,,,,,,,,
UPDATE DYNAMIC BONES WHEN SCHEDULE CHANGES,KA OFF,,DE OFF,,,,,
,,,,,,,,
,,,,,,,,
,,,,,,,,
,,,,,,,,
,,,,,,,,
,,,,,,,,
,,,,,,,,
,,,,,,,,
DECEMBER,,,,,,,,
,,,,,,,,
,,,,,,,,
,KA OFF,7 AM SYNC UP ALL TEAMS,WI FLOORS ,,,,,
,DERICK TESLA,PPRWRK KA,,,,,,
,GABB+BEACHES+KH,NY,MP,SCAR OR AJAX+SDM,,,,
,,,,,,,,
SUN 03,MON 04,TUES 05,WED 06,THURS 07,FRI 08,SAT 09,,
NOTES:,,,,,,,,
,DER:TESLA,PPRWRK: KA,,,,,,
CHECK WEEK - ,,,ALL ROUTE WORKERS ARE OFF ,," NY +MP LEFTOVERS:KA, DER",SCHEDULE THIS WORK INTO THE REST OF THE WEEK,,
Will is needed for 1 day at the beginning and end of every month,KA OFF,NY:DER+WI,,,MGMT JOB WI+ SDM,GABBY'S+ AJAX:WI,,
,BEACHES:WI,ALTIMA MUST BE DONE ,,WI OFF,,,,
UPDATE DYNAMIC BONES WHEN SCHEDULE CHANGES,,,,DER OFF,KA OFF IF NEEDED OR DEPARTMENT SYSTEMS DAY ," MP: KA, DER",,
,,,,KA OFF,,,,
,,,,,,,,
,,,,,,,,
,,,NIGHT SHIFT,,,,,
,,,,,,,,
,,,,,,,,
,,,,,,,,
,,,,,,,,
,,,,,,,,
,,,,,,,,
,,,,,,,,
,KA OFF,7 AM SYNC UP ALL TEAMS,WI FLOORS ,,,,,
,DERICK TESLA,PPRWRK KA,,,,,,
,GABB+BEACHES+KH,NY,MP,SCAR OR AJAX+SDM,,,,
,,,,,,,,
SUN 10,MON 11,TUES 12,WED 13,THURS 14,FRI 15,SAT 16,,
NOTES:,,,,,,,,
,DERECK TESLA,,,,,,,
CHECK WEEK - ,BEACHES:WI,"MP:WI,DER","NY:KA,DER",SDM+GABBYS+KH:WI,,,,
Will is needed for 1 day at the beginning and end of every month,,,"BRING 2, 5 SECTION POLES - YOUNG AND EGLINGTON SHOPPERS SPECIAL REQUEST",,,,,
,KA OFF,PPRWR: KA,,,,,,
UPDATE DYNAMIC BONES WHEN SCHEDULE CHANGES,,,SCAR:WI,,,,,
,,,,,,,,
,,,,,,,,
,,,,,,,,
,,,,,,,,
,,,,,,,,
,,,,,,,,
,,,,,,,,
,,,,,,,,
,,,,,,,,
,,,,,,,,
,,,,,,,,
,KA OFF,7 AM SYNC UP ALL TEAMS,WI FLOORS ,,,,,
,DERICK TESLA,PPRWRK KA,,,,,,
,GABB+BEACHES+KH,NY,MP,SCAR OR AJAX+SDM,,,,
,,,,,,,,
SUN 17,MON 18,TUES 19,WED 20,THURS 21,FRI 22,SAT 23,,
NOTES:,,,,,,,,
,,,,,,,,
CHECK WEEK - ,TESLA: DE,AJAX: WI,GABBYS+ MP:WI+ DER,BEACH: DE,"NY: WI,DER",,,
Will is needed for 1 day at the beginning and end of every month,,,,,,,,
,,,,SDM : WI,,,,
UPDATE DYNAMIC BONES WHEN SCHEDULE CHANGES,,,,,,,,
,,,PPRWRK: KA,PPRWRK: KA,PPRWRK: KA,,,
,,,,,,,,
,,,,,,,,
,,,,,,,,
,,,,,,,,
,,,,,,,,
,,,,,,,,
,,,,,,,,
,,,,,,,,
,,,,,,,,
,KA OFF,7 AM SYNC UP ALL TEAMS,WI FLOORS ,,,,,
,DERICK TESLA,PPRWRK KA,,,,,,
,GABB+BEACHES+KH,NY,MP,SCAR OR AJAX+SDM,,,,
,,,,,,,,
SUN 24,MON 25,TUES 26,WED 27,THURS 28,FRI 29,SAT 30,,
NOTES:,,,,,,,,
,,MP:DER+WI,GABBY'S+ BEACHES:DE,NY:DER,SCAR: DER,,,
CHECK WEEK - ,TESLA: DE,,,,,,,
Will is needed for 1 day at the beginning and end of every month,,,SDM+KH:WI,,,,,
,,,,,,,,
UPDATE DYNAMIC BONES WHEN SCHEDULE CHANGES,,,,,,,,
87894656123546,,COMPANY SHUT DOWN-,KALEIGH PAPERWORK ESSENTIALS ONLY THIS WEEK,,,,,
,,,,,,,,
,,,,,,,,
,,,,,,,,
,,,,,,,,
,,,,,,,,
,,,,,,,,
JANUARY,,,,,,,,
,,,,,,,,
,,,,,,,,
,KA OFF,7 AM SYNC UP ALL TEAMS,WI FLOORS ,FIND PERSON FOR KH,,,,
,DERICK TESLA,PPRWRK KA,,,,,,
,GABB+BEACHES+KH,NY,MP,SCAR OR AJAX+SDM,,,,
,,,,,,,,
SUN 31,MON-01,TUES 02,WED 03,THURS 04,FRI 05,SAT 06,,
NOTES:,,,,,,,,
,,,,,,,,
CHECK WEEK - ,TESLA: DE,,NY:DE,MP:DE,GABBY'S+ SDM TRAINING : DE+ WI,,,
Will is needed for 1 day at the beginning and end of every month,,,,,,,,
,,BEACHES+ AJAX:DE,,,,,,
UPDATE DYNAMIC BONES WHEN SCHEDULE CHANGES,,,,,,,,
,,,,,,,,
,,,,,,,,
,,,,,,,,
,,,,,,,,
,,,,,,,,
,,,,,,,,
,,,,,,,,
,,,,,,,,
,,,,,,,,
,,,,,,,,
,,,,,,,,
,KA OFF,7 AM SYNC UP ALL TEAMS,WI FLOORS ,FIND PERSON FOR KH,,,,
,DERICK TESLA,PPRWRK KA,,,,,,
,GABB+BEACHES+KH,NY,MP,SCAR OR AJAX+SDM,,,,
,,,,,,,,
SUN 07,MON-08,TUES 09,WED 10,THURS 11,FRI 12,SAT 13,,
NOTES:,,,,,,,,
,TESLA:DE,NY:DE,,BEACHES+ VINDALOO INDIAN CUISINE(2848 ELLESMERE),GABBYS+ MP:DE,,,
CHECK WEEK - ,,,,SDM: DE,,,,
Will is needed for 1 day at the beginning and end of every month,,PPRWRK:KA,SCAR+ NECESSARY NY LEFTOVERS:DE,,,,,
,,,,,,,,
UPDATE DYNAMIC BONES WHEN SCHEDULE CHANGES,,,HAS TO BE HOME FOR 4:30 PM,,,,,
,,,,,,,,
,,,,,,,,
,,,,,,,,
,,,,,,,,
,,,,,,,,
,,,,,,,,
,For Jan 15 week of ,,,,,,,
,Put NY ON TUES,,,,,,,
,,,,,,,,
,,,,,,,,
,,,,,,,,
"beaches,north york partially SDM and ajax are done",,,,,,,,
,,,,,,,,
,,,,,,,,
,,,,,,,,
,,,,,,,,
,,,,,,,,
,,,,,,,,
,,,,,,,,
,,,,,,,,
,,,,,,,,
,,,,,,,,
,,,,,,,,
,,,,,,,,
,,,,,,,,
,,,,,,,,
,,,,,,,,
,,,,,,,,
,,,,,,,,
,,,,,,,,
,,,,,,,,
,,,,,,,,
,,,,,,,,
,KA OFF,7 AM SYNC UP ALL TEAMS,,FIND PERSON FOR KH,,,,
,DERICK TESLA,PPRWRK KA,,,,,,
,GABB+BEACHES+KH,NY,MP,SCAR OR AJAX+SDM,,,,
,,,,,,,,
SUN 21,MON-22,TUES 23,WED 24,THURS 25,FRI 26,SAT 27,,
NOTEs,,,,,,,,
,,,,,,,,
CHECK WEEK - ,TESLA:DE,BEACHES:DE,NY:DE,VP EGLINGTON SHOPPERS SPECIAL CLEANING:DE,,,,
Will is needed for 1 day at the beginning and end of every month,,,,SCAR:DE,GABBYS+MP:DE,,,
,,,,SDM:DE,,,,
UPDATE DYNAMIC BONES WHEN SCHEDULE CHANGES,,,,,,,,
,,,,,,,,
,,,,,,,,
,,,,,,,,
,,,,,,,,
,,,,,,,,
,,,,,,,,
,,,,,,,,
,,,,,,,,
,,,,,,,,
,,,,,,,,
,,,,,,,,
,KA OFF,7 AM SYNC UP ALL TEAMS,,FIND PERSON FOR KH,,,,
,DERICK TESLA,PPRWRK KA,,,,,,
,GABB+BEACHES,NY,MP,SCAR OR AJAX+SDM,,,,
,,,,,,,,
SUN 28,MON-29,TUES 30,WED 31,THURS- FEB 01,FRI 02,SAT 03,,
NOTEs,,,CALL SHOPPERS AHEAD OF TIME,,GABBYS:NOT DONE,,,
,TESLA:DE,AJAX+BEACHES:DE,Shoppers Drug Mart special cleaning: 2528 Bayview Ave- BRING 6 FOOT LADDER,,,SHOPPERS. IS NEXT WEEK,,
CHECK WEEK - ,,,MP: DE,,NY :DE,,,
Will is needed for 1 day at the beginning and end of every month,,,,,SDM: DE,,,
,KA OFF,PPRWRK:KA,,,,,,
UPDATE DYNAMIC BONES WHEN SCHEDULE CHANGES,,,,,,,,
,,,,,,,,
,,,,,,,,
,,,,,,,,
,,,,,,,,
,,,,,,,,
,,,,,,,,
,,,,,,,,
,,,,,,,,
,,,,,,,,
,,,,,,,,
,,,,,,,,
,,,,,,,,
,KA OFF,7 AM SYNC UP ALL TEAMS,,FIND PERSON FOR KH,,,,
,DERICK TESLA,PPRWRK KA,,,,,,
,GABB+BEACHES,NY,MP,SCAR OR AJAX+SDM,,,,
FEBRUARY ,,,,,,,,
SUN 04,MON-05,TUES 06,WED -07,THURS- 08,FRI 09,SAT 10,,
NOTEs,,,,,,,,
,TESLA:DE,GABBYS+BEACHES:DE,SCAR:DE,NY:DE,"ROUTE UPPERS: DE, KA,RY",,,
CHECK WEEK - ,,,PPRWRK:KA-AM,DERICK SICK ROUTE NOT DONE,MP:DE,,,
Will is needed for 1 day at the beginning and end of every month,SDM:DE,MAINT. SYSTEMS PM: KA,,PPRWRK:KA:PM,DERICK SICK ROUTE NOT DONE,,,
,KA OFF,PPRWRK:KA PM,,WORK MEETING:KA,,,,
UPDATE DYNAMIC BONES WHEN SCHEDULE CHANGES,,,,,PPRWRK:KA,,,
,,,,,,,,
,,,,,,,,
,,,,,,,,
,,,,,,,,
,,,,,,,,
,,,,,,,,
,KA OFF,7 AM SYNC UP ALL TEAMS,,FIND PERSON FOR KH,,,,
,DERICK TESLA,PPRWRK KA,,,,,,
,GABB+BEACHES,NY,MP,SCAR OR AJAX+SDM,,,,
SUN 11,MON-12,TUES 13,WED -14,THURS- 15,FRI 16,SAT 17,,
NOTEs,,,,,,,,
,,NY:DE,GABBYS+BEACHES:DE,,,,,
CHECK WEEK - ,TESLA:DE,,AJAX: DE,, MP: DE,,,
Will is needed for 1 day at the beginning and end of every month,"YE, YL SHOPPERS:DE",PPRWRK:KA,PPRWRK ESSENTIALS:KA,,,,,
,SDM:DE,,KA AWAY,,,,,
UPDATE DYNAMIC BONES WHEN SCHEDULE CHANGES,KA OFF,,,,,,,
,PPRWRK:KA,,,,,,,
,,,,,,,,
,,,,,,,,
,,,,,,,,
,,,,,,,,
,,,,,,,,
,KA OFF,7 AM SYNC UP ALL TEAMS,,FIND PERSON FOR KH,,,,
,DERICK TESLA,PPRWRK KA,,,,,,
,GABB+BEACHES,NY,MP,SCAR OR AJAX+SDM,,,,
SUN 18,MON-19,TUES 20,WED -21,THURS- 22,FRI 23,SAT 24,,
NOTEs,,,MP:DE,,GABBYS:DE,,,
,TESLA:DE,,,NY:DE,SCAR:DE,,,
CHECK WEEK - ,SDM:DE,TESLA:DE," ROUTE UPPERS TRAINING:RY, DE",PPRWRK :KA,PPRWRK:KA,,,
Will is needed for 1 day at the beginning and end of every month,,,,,BEACHES:DE- NOT DONE,,,
,,,,,,,,
UPDATE DYNAMIC BONES WHEN SCHEDULE CHANGES,KA AWAY,,,,,,,
MAKE SURE SCAR AND AJAX ROUTE ARE NOT TOO FAR APART IN THE DAYS SCHEDULED,,,,,,,,
,,,,,,,,
,,,,,,,,
,,,,,,,,
,,NO MP TUES,,,,,,
,KA OFF,7 AM SYNC UP ALL TEAMS,,FIND PERSON FOR KH,,,,
,DERICK TESLA,PPRWRK KA,,,,,,
,GABB+BEACHES,NY,MP,SCAR OR AJAX+SDM,,,,
,,,,,,,,
,,,,,,,,
SUN 25,MON 26,TUES 27,WED 28,THURS- 29,FRI 01,SAT 02,,
NOTEs,TESLA:DE,,,,,GABBYS:DE,,
,BEACHES:DE,DERICK UNNAVAILBLE,MP:DE,AJAX PM:DE,NY:DE,,,
CHECK WEEK - ,SDM:DE,PPRWRK:KA,PPRWRK:KA,PPRWRK:KA,,,,
Will is needed for 1 day at the beginning and end of every month,TENTATIVE SHOPPERS CLEANING BE THERE FOR 1 PM: PERSON TBD MONDAY OR TUESDAY,,,,,,,
,,,,,,,,
UPDATE DYNAMIC BONES WHEN SCHEDULE CHANGES,,,,,,,,
,,,,,,,,
,,,,,,,,
,,,,,,,,
,,,,,,,,
,,,,,,,,
,,NO MP TUES,,,,,,
,KA OFF,7 AM SYNC UP ALL TEAMS,,FIND PERSON FOR KH,,,,
,DERICK TESLA,PPRWRK KA,PPRWRK:KA,,,,,
,GABB+BEACHES,NY,MP,SCAR OR AJAX+SDM,,,,
,,,,,,,,
SUN 03,MON-04,TUES 05,WED -06,THURS-07,FRI 08,SAT 09,,
NOTEs,,,,,,,,
,TESLA:DE,DERICK UNNAVAILABLE,MP:DE,GABBYS+SCAR:DE,NY:DE,,,
CHECK WEEK - ,BEACHES:DE,PPRWRK:KA,PPRWRK:KA,,,,,
Will is needed for 1 day at the beginning and end of every month,SDM:DE,,,,,,,
,,,,,,,,
UPDATE DYNAMIC BONES WHEN SCHEDULE CHANGES,KA OFF,,,KA OFF,KA OFF,,,
,,,,,,,,
,,,,,,,,
,,,,,,,,
,,,,,,,,
,,,,,,,,
,,,,,,,,
,,,,,,,,
,,,,,,,,
,,,,,,,,
,,,,,,,,
,,,,,,,,
,,NO MP TUES,,,,,,
,KA OFF,7 AM SYNC UP ALL TEAMS,,FIND PERSON FOR KH,,,,
,DERICK TESLA,PPRWRK KA,PPRWRK:KA,,,,,
,GABB+BEACHES,NY,MP,SCAR OR AJAX+SDM,,,,
,,,,,,,,
SUN 10,MON 11,TUES 12,WED 13,THURS 14,FRI 15,SAT 16,,
NOTEs,,,,,,,,
,,,,,,,,
CHECK WEEK - ,,,,,,,,
Will is needed for 1 day at the beginning and end of every month,,,,,,,,
,,,,,,,,
UPDATE DYNAMIC BONES WHEN SCHEDULE CHANGES,,,,,,,,
,,,,,,,,
,,,,,,,,
,,,,,,,,
,,,,,,,,
,,,,,,,,
,,,,,,,,
,,,,,,,,
,,,,,,,,
,,,,,,,,
,,,,,,,,
,,,,,,,,
,,NO MP TUES,,,,,,
,KA OFF,7 AM SYNC UP ALL TEAMS,,FIND PERSON FOR KH,,,,
,DERICK TESLA,PPRWRK KA,PPRWRK:KA,,,,,
,GABB+BEACHES,NY,MP,SCAR OR AJAX+SDM,,,,
,,,,,,,,
SUN 17,MON 18,TUES 19,WED 20,THURS 21,FRI 22,SAT 23,,
NOTEs,,,,,,,,
,,MAINT AM: KA,MP:DERICK,NY:DE,SCAR:DE,GABBYS:DE,,
CHECK WEEK - ,,PPRWRK PM:KA,PPRWRK:ESSENTIALS:KA,MAINT:KA,PPRWRK AFT:KA,,,
Will is needed for 1 day at the beginning and end of every month,,,,PPRWRK :KA,,,,
,,,KA OFF,,,,,
UPDATE DYNAMIC BONES WHEN SCHEDULE CHANGES,,,,,,,,
,,DERICK OFF,,,,,,
,,,,,,,,
,,,,,,,,
,,,,,,,,
,,NO MP TUES,,,,,,
,KA OFF,7 AM SYNC UP ALL TEAMS,,FIND PERSON FOR KH,,,,
,DERICK TESLA,PPRWRK KA,PPRWRK:KA,,,,,
,GABB+BEACHES,NY,MP,SCAR OR AJAX+SDM,,,,
,,,,,,,,
SUN 24,MON 25,TUES 26,WED 27,THURS 28,FRI 29,SAT 30,,
NOTEs,,,,,,,,
,,,STRONG AUTO:DE,,,,,
CHECK WEEK - ,BEACHES:DE,DERICK OFF,SCHD TEAM-DEALERSHIP:DE,AJAX+MP:DE,GABBYS+NY:DE,,,
DERICK is needed for 1 day at the beginning and end of every month,SDM:DE,,,,,,,
,PPRWRK:KA,,PPRWRK :KA,PPRWRK AM :KA- MAY BE ALL DAY,1553 BAYVIEW AVE- RON WHITE:WI,,,
UPDATE DYNAMIC BONES WHEN SCHEDULE CHANGES,,PPRWRK:KA,,,,,,
,,,,,KA OFF,,,
DERICK NIGHT SHIFTS ON ,,,,,,,,
,,NO MP TUES,,,,,,
,KA OFF,7 AM SYNC UP ALL TEAMS,,FIND PERSON FOR KH,,,,
,DERICK TESLA,PPRWRK KA,PPRWRK:KA,,,,,
,GABB+BEACHES,NY,MP,SCAR OR AJAX+SDM,,,,
,,,,,,,,
,,,,,,,,
2024-04-01 00:00:00,,,,,,,,
SUN 31,MON 1,TUES 2,WED 3,THURS 4,FRI 5,SAT 6,,
NOTEs,,,,,,,,
,BEACHES:DE,SCAR+MP ESSENTIALS:DE,,,,,,
CHECK WEEK - ,SDM:DE,,,,GABBYS+NY:DE,,,
DERICK is needed for 1 day at the beginning and end of every month,,,,DERICK BOOKED,,,,
,,PPRWRK - 2PM-:KA,DERICK OFF,,,,,
UPDATE DYNAMIC BONES WHEN SCHEDULE CHANGES,,,,,,,,
,,,,,,,,
DERICK NIGHT SHIFTS ON ,,,,,,,,
,,,,,,,,
,,,,,,,,
,,,,,,,,
,,,,,,,,
,,,,,,,,
,,,,,,,,
,,NO MP TUES,,,,,,
,KA OFF,7 AM SYNC UP ALL TEAMS,,FIND PERSON FOR KH,,,,
,DERICK TESLA,PPRWRK KA,PPRWRK:KA,,,,,
,GABB+BEACHES,NY,MP,SCAR OR AJAX+SDM,,,,
,,,,,,,,
,,,,,,,,
,EVENTUALLY RE SCHEDULE GABBYS TO BEACHES DAY.,,,,,,,
SUN 07,MON 08,TUES 09,WED 10,THURS 11,FRI 12,SAT 13,,
NOTEs,,,,,,,,
,,,,,CHECK WEATHER FOR NEXT WEEK. ,,,
CHECK WEEK - ,,AJAX: DE,DERICK BOOKED, MP:DE,NY:DE,GABBYS:DE,,
DERICK is needed for 1 day at the beginning and end of every month,,BEACHES: DE,,,,,,
,DE OFF,SDM:DE,PPRWRK:KA,KALEIGH FREE DAY- MAINT? PPRWRK?,KA OFF,,,
UPDATE DYNAMIC BONES WHEN SCHEDULE CHANGES,KA OFF,PPRWRK:KA,,,,,,
,,,,,,,,
DERICK NIGHT SHIFTS ON ,,,,,,,,
,,,,,,,,
,,,,,,,,
,,,,,,,,
,,,,,,,,
,,,,,,,,
,,,,,,,,
,,,,,,,,
,,NO MP TUES,,,,,,
,KA OFF,7 AM SYNC UP ALL TEAMS,,FIND PERSON FOR KH,,,,
,DERICK TESLA,PPRWRK KA,PPRWRK:KA,,,,,
,GABB+BEACHES,NY,MP,SCAR OR AJAX+SDM,,,,
,,,,,,,,
,,,,,,,,
,EVENTUALLY RE SCHEDULE GABBYS TO BEACHES DAY.,,,,,,,
SUN 14,MON 15,TUES 16,WED 17,THURS 18,FRI 19,SAT 20,,
NOTEs,,,,,,,,
,,,,,,,,
CHECK WEEK - ,SCAR:DE,,BEACHES: DE,MP:DE,GABBYS+ NY:DE,,,
DERICK is needed for 1 day at the beginning and end of every month,VINDALOO INDIAN CUISNE 2528 ELLESMERE RD -PPKR JOB:DE,,,,SCAR ROUTE LAGUNA BAY 2300 LAWRENCE:DE,,,
,DERICK HALF DAY OFF,SDM:DE,,,,,,
UPDATE DYNAMIC BONES WHEN SCHEDULE CHANGES,KA OFF,,,PPRWRK:KA,PPRWRK:KA,,,
,,,,,,,,
DERICK NIGHT SHIFTS ON ,,,,,,,,
,,,,,,,,
,,,,,,,,
,,,,,,,,
,,,,,,,,
,,,,,,,,
,,,,,,,,
,,,,,,,,
,,,,,,,,
,,NO MP TUES,,,,,,
NIGHT SHIFTS,,,,,GABBYS+NY,,,
BONES,,BEACHES+SDM,MP,AJAX OR SCAR,OFFICE DAY,,,
,,PPRWRK,PPRWRK,PPRWRK EXTRAS,,,,
,,,,THURSDAY- FRIDAY KEEP LIGHT FOR DERICK,"TRAINING: KA, LAZ 12:30PM-3:00PM",,,
,,,,,,,,
,EVENTUALLY RE SCHEDULE GABBYS TO BEACHES DAY.,,,,,,,
SUN 21,MON 22,TUES 23,WED 24,THURS 25,FRI 26,SAT 27,,
NOTEs,,,,,,,,
,DERICK UNNAVAILAVLE FROM 10-1 DAILY DUE TO SCHOOLING,,,,DE OFF AM,,SPECIAL NOTES:,
CHECK WEEK - ,WILL DEALERSHIP,BEACHES:DE,MP:DE,AJAX:WI ,GABBYS+NY: WILL AM,SAT -SUN WILL DUSTING,WILL IS AVAILABLE AND NEEDS WORK FOR 2 WEEKS,
DERICK is needed for 1 day at the beginning and end of every month,DERICK OFF,,,,KH:WI,,DERICK IS IN SCHOOL STARTING THIS WEEK,
,KA OFF ,,,,,,,
UPDATE DYNAMIC BONES WHEN SCHEDULE CHANGES,,SDM:DE,,,NY:LEFT OVERS PM:DE,,INCORP. KALEIGH LASZLO TRAINING,
,,PPRWRK:KA,PPRWRK:KA,PPRWRK:KA,,,,
"FRI, SAT, SUN DERICK HAS 10-3 NIGHT SHIFTS ",,"TRAINING:KA,LAZ- 9AM-3 PM",,,"ROUTE MTG:KA, PA",,DERICK IN SCHOOL FROM APRIL-JUNE- CONFIRM WHICH DAYS,
DERICK CAN WORK UNITL 6 PM,,,,,PPRWRK:KA,,,
BEST TO START BEACHES BY 9 AM.,,,,KA+LAZ TRAINING DAY,,,TAKE NOTE OF LABLAWS JOB WHEN,
,,,,,BUSINESS MTG 4 pm,,,
,,,,,,,,
,,,,,,,,
,,,,,,,,
,,,,,,,"BALALNCE WORK WILL, DERICK, RICHMOND- TRAINING STARTING AT ",
,,,,,,,GIVE WILL MONDAY OFF ,
,,,,,,,,
,,NO MP TUES,,,,,,
NIGHT SHIFTS,,,,,GABBYS+NY,,,
BONES,,BEACHES+SDM,MP,AJAX OR SCAR,OFFICE DAY,,,
,,PPRWRK,PPRWRK,PPRWRK EXTRAS,,,,
,,,,THURSDAY- FRIDAY KEEP LIGHT FOR DERICK,"TRAINING: KA, LAZ 12:30PM-3:00PM",,,
,,,,,,,,
,EVENTUALLY RE SCHEDULE GABBYS TO BEACHES DAY.,,,,,,,
SUN 28,MON 29,TUES 30,WED 01,THURS 02,FRI 03,SAT 04,,
NOTES,,,,,,,,
,DERICK UNNAVAILAVLE FROM 10-1 DAILY DUE TO SCHOOLING,,,,,,,
CHECK WEEK - ,WILL OFF,SWISSC +HARVEYS 3400 DANFORTH:DE,MP:DE,,NY:WI,HONDA UNNAVAILABLE,,
DERICK is needed for 1 day at the beginning and end of every month,DERICK OFF,SDM:DE,,ROUTE PAPERWORK:LAZ-9AM-11:30AM,,TENT ROUTE LEFTOVERS:DE,BOOK STRONG AUTO FOR THIS WEEK,
,KA OFF ,BEACHES:DE,,,GABBYS+SCAR:DE,,,
UPDATE DYNAMIC BONES WHEN SCHEDULE CHANGES,,WILL DEALERSHIP,,,,,,
,,,PPRWRK:KA,PPRWRK:KA,,,,
"FRI, SAT, SUN DERICK HAS 10-3 NIGHT SHIFTS ",,,,,PPRWRK:KA -AM,,,
DERICK CAN WORK UNITL 6 PM,,PPRWRK:KA,,,,,,
BEST TO START BEACHES BY 9 AM.,,,,,"TRAINING: KA, LAZ 12:30PM-3:00PM",,,
,,,,,,,,
,,,,,,,,
,,,,,,,,
,,,,,,,,
2024-05-01 00:00:00,,,,,,,,
,,,,,,,,
,,,,,,,,
,,,,,,,,
,,,,,,,,
,,NO MP TUES,,,,,,
NIGHT SHIFTS,,,,,GABBYS+NY,,,
BONES,,BEACHES+SDM,MP,AJAX OR SCAR,OFFICE DAY,,,
,,PPRWRK,PPRWRK,PPRWRK EXTRAS,,,,
,,,,THURSDAY- FRIDAY KEEP LIGHT FOR DERICK,"TRAINING: KA, LAZ 12:30PM-3:00PM",,,
,,,,,,,,
,EVENTUALLY RE SCHEDULE GABBYS TO BEACHES DAY.,,,,,,,
SUN 05,MON 06,TUES 07,WED 08,THURS 09,FRI 10,SAT 11,,
NOTES,,,,,,,,
,DERICK UNNAVAILAVLE FROM 10-1 DAILY DUE TO SCHOOLING,,,,,,,
CHECK WEEK - ,RICHMOND TRAINING STARTS,,,,,,,
DERICK is needed for 1 day at the beginning and end of every month,,,,GABBYS WHEN?,,,SCHEUDLE GABBYS FOR THIS FRIDAY? CONTACT STORE OWNER,
,KA OFF,"BEACHES: RICH, KAL. KAU, AUD (JOINING ONLY FOR MORN)",MP: DE,,DERICK BOOKED ,,,
UPDATE DYNAMIC BONES WHEN SCHEDULE CHANGES,GABBYS:DE,,"AJAX: KAL, KAU ",,PPRWRK AM:KA,,,
,SDM: DE,DE OFF ,"BEACHES LEFTOVERS: KAU, KAL",NY: DE,"TRAINING: KA, LAZ 12:30PM-3:00PM",,,
"FRI, SAT, SUN DERICK HAS 10-3 NIGHT SHIFTS ",,,"KH: KAU, KAL",,PPRWRK:KA 3PM-5PM,,,
DERICK CAN WORK UNITL 6 PM,,,,TENT PAPERWORK: LAS,,,,
BEST TO START BEACHES BY 9 AM.,,,MP:DE,,,,,
,,,,,,,,
,,,,,,,,
,,,,,,,,
,,,,,,,,
,,,,,,,,
,,,,,,,,
,,,,,,,,
,,,,,,,,
,,NO MP TUES,,,,,,
NIGHT SHIFTS,,,,,GABBYS+NY,,,
BONES,,BEACHES+SDM,MP,AJAX OR SCAR,OFFICE DAY,,,
,,PPRWRK,PPRWRK,PPRWRK EXTRAS,,,,
,,,,THURSDAY- FRIDAY KEEP LIGHT FOR DERICK,"TRAINING: KA, LAZ 12:30PM-3:00PM",,,
,,,,,,,,
,EVENTUALLY RE SCHEDULE GABBYS TO BEACHES DAY.,,,,,,,
SUN 12,MON 13,TUES 14,WED 15,THURS 16,FRI 17,SAT 18,,
NOTES,,,,,,,,
,DERICK UNNAVAILAVLE FROM 10-1 DAILY DUE TO SCHOOLING,,,,,,,
CHECK WEEK - ,,,,,,,,
DERICK is needed for 1 day at the beginning and end of every month,,,,,,DARNA RESTAURANT WC- 1613 BAYVIEW AVE:DE,,
,KA OFF,SDM:DE,GABBYS +SCAR:DE,MP: DE,NY:DE,,,
UPDATE DYNAMIC BONES WHEN SCHEDULE CHANGES,DERICK OFF,BEACHES: DE,NY LEFTOVERS LAST WEEK:DE,,,,,
,,,PPRWRK:KA,NOT DONE,,,,
"FRI, SAT, SUN DERICK HAS 10-3 NIGHT SHIFTS ",,PPRWRK:KA ,,"RELEVE SIGN CLEANING 1727 BAYVIEW AVE:KA, RI, WI",,,,
DERICK CAN WORK UNITL 6 PM,,,,"MIDTOWN MED SPA UPPERS 567 MOUNT PLEASANT RD:KA,RI,WI",,,,
BEST TO START BEACHES BY 9 AM.,,ROUTE PPRWRK:LAZ,,"RON WHITE 1553 BAYVIEW AVE:KA,RI,WI",,,,
,,,,,,,,
SCHEDULE RICHMOND TRAINING FOR BEACHES AND AJAX ONLY- TALK WITH AUDIE,,,,,,,,
,,,,,,,,
,,,,,,,,
,,,,,,,,
,,,,,,,,
,,,,,,,,
,,NO MP TUES,,,,,,
NIGHT SHIFTS,,,,,GABBYS+NY,,,
BONES,,BEACHES+SDM,MP,AJAX OR SCAR,OFFICE DAY,,,
,,PPRWRK,PPRWRK,PPRWRK EXTRAS,,,,
,WILL AVAILABLE TUES OR THURS TO HELP WITH ROUTE,,,THURSDAY- FRIDAY KEEP LIGHT FOR DERICK,"TRAINING: KA, LAZ 12:30PM-3:00PM",,,
,,,,,,,,
,EVENTUALLY RE SCHEDULE GABBYS TO BEACHES DAY.,,,,,,,
SUN 19,MON 20,TUES 21,WED 22,THURS 23,FRI 24,SAT 25,,NOTES: 
NOTES,,,,,,,,DERICK is needed for 1 day at the beginning and end of every month
,DERICK UNNAVAILAVLE FROM 10-1 DAILY DUE TO SCHOOLING,,,,,,,
,,,,,GABBYS:DE,PPRWRK: KA,,UPDATE DYNAMIC BONES WHEN SCHEDULE CHANGES
,BEACH:DE,RI BOOKED ,"KA,DE,RI  BOOKED",AJAX : WI,,AJISEN RAMEN 5229 YONGE ST.:DE- ASK IF CAN USE HIS CAR,,
,SDM:DE,MP:DE,,,TENTATIVE,BEACHES:DE- TENT,,"FRI, SAT, SUN DERICK "
,DARNA RESTAURANT WC- 1613 BAYVIEW AVE:DE,,PPRWRK:KA,NY:DE,"RELEVE SIGN CLEANING 1727 BAYVIEW AVE:KA, RI",,,HAS 10-3 NIGHT SHIFTS
,,,NIGHT SHIFT: RI,,"MIDTOWN MED SPA UPPERS 567 MOUNT PLEASANT RD:KA,RI",,,DERICK CAN WORK UNITL
,,,,,"RON WHITE 1553 BAYVIEW AVE:KA,RI- MUST BE DONE ASAP",,,18:00:00
,,PPRWRK:KA,,PPRWRK:KA,,,,BEST TO START BEACHES 
,KA OFF,,WILL MAY HAVE NIGHT SHIFT ,,,MAINT INTAKE 8:15-9:30AM:KA,,BY 9 AM.
,,,,,,,,
,,,,,,PPRWRK:KA,,
,,,,,,"TRAINING: KA, LAZ 12:30PM-3:00PM",,
,,,,,,,,
,,,,,,,,
,,,,,,,,
,,,,,,,,
NIGHT SHIFTS,,NO MP TUES,,,GABBYS+NY,,,MAKE NORTH YORK ON WEDNESDAY FOR THIS WEEK
BONES,,BEACHES+SDM,MP,AJAX OR SCAR,OFFICE DAY,,,
,,PPRWRK,PPRWRK,PPRWRK EXTRAS,ROUTE DEP MTG:KA (AUD?),,,
,WILL AVAILABLE TUES OR THURS TO HELP WITH ROUTE,,,THURSDAY- FRIDAY KEEP LIGHT FOR DERICK,"TRAINING: KA, LAZ 12:30PM-3:00PM",,,
,,,,,,,,
SUN 26,MON 27,TUES 28,WED 29,THURS 30,FRI 31,SAT 01,,
,,,,,OFFICE DAY,,NOTES:,POTENTIAL DRIVERS FOR ROUTE
,,,,GABBYS:DE,SCAR: ESSENTIALS ONLY- MAY BE ABLE TO FINISH A WHOLE ROUTE,,TRAINING FOR RICHMOND AT LEAST 1 DAY,KAULIN TUES AND THURS-CHECK BONES
,,,,,NY: LEFTOVERS,,,WILL TUES OR THURS- CHECK BONES
,BEACHES : DERICK,DE BOOKED,DERICK BOOKED AM ,NY:DE,,RON WHITE - I/O WC: WI- ARRIVE BETWEEN 1-2PM MUST NOT BE LATE!- FREE CLEAN,BIG ROUTES LEAVE FOR DERICK,AUDIE- CHECK LRGACY BONES AND HIS CAL BEFORE BOOKING
, SDM:DE ,,MP- PM :DE,,MAINT AM:KA ,,,CALEB CHECK IN FIRST
,,PPRWRK:KA ,PPRWRK:KA,PPRWRK:KA,PPRWRK AM:KA ,,"TRAIN RICHMOND ON SCAR, AJAX, AND BEACHES ROUTE","DARREN MAYBE AVAILABLE THURSDAYS, CHECK IN WEEK PRIOR. "
,KA OFF,,,,,,,
,,,,,ROUTE DEP MTG:KA- AUD?,,,AINSLEY LAST RESORT
,,,,,,,,JOSEPH CHECK IN FIRST
,,,,,STATIC LET RICHMOND KNOW WORK DAYS NEXT W ,,,
,,,,TENT: (I/O) RON WHITE?- WILL ,,,,
,,,,,,,,
,,,,WILL OFF ,"TRAINING: KA, LAZ 12:30PM-3:00PM",,,
,,,,,,,,
,,,,,,,,
,,,,,,,,
,,NO MP TUES,,,GABBYS+NY,,,
,,BEACHES+SDM,MP,AJAX OR SCAR,OFFICE DAY,,,
,BOOK 10 LOWER JARVIS FOR JUNE 4-12 KEEP ROUTE OPEN,PPRWRK,PPRWRK,PPRWRK EXTRAS,ROUTE DEP MTG:KA (AUD?),,,
,,,,THURSDAY- FRIDAY KEEP LIGHT FOR DERICK,"TRAINING: KA, LAZ 12:30PM-3:00PM",,,
,,,GABBYS NEEDS TO BE SCHEDULED,,,,,
SUN 02,MON 03,TUES 04,WED 05,THURS 06,FRI 07,SAT 08,NOTES:,
,,SCHD INTAKE AM :KA- 6:30 AM START- DONE BY 8,SCHD INTAKE AM :KA- 6:30 AM START- DONE BY 8,SCHD INTAKE AM :KA- 6:30 AM START- DONE BY 8,SCHD INTAKE AM :KA- 6:30 AM START- DONE BY 8,,KA NO INTAKE ON DAY OFF,
,BOMOU STICKER REMOVAL- BRING GOOD SCRAPER-- INCLUDE ADDITIONAL SPECIAL NOTES - NEED STEP LADDER -$50.00/HR,"SCHD TRAINING: EM, KA",MAINT. INTAKE+ SCHDULING:KA,TENT PPRWRK:KA,PHONES 9-3: KA- KA WORK OUT TO HAVE OFF AT LEAST IN AM,,SCHD TASKS ARE FILLED YELLOW AND BOLD LETTERS,
,BEACH:DE,,PHONES 9-3: KA,,,DARNA RESTAURANT- ONLY DOING INSIDES AND MIRROR DUE TO RAIN:DE,,
,SDM:DE,PPRWRK:KA,PPRWRK:KA,,,,ROUTE THIS COLOUR,
,,,SYSTEMS PPRWRK:KA,KA BE AVAILABLE FOR ROUTE TEAM AND ENCOUR. CALLS,,NY LEFTOVERS: DE,,
,PPRWRK:KA,,,, ,,MAINT IS GREEN,
,,SCHD INTAKE PM:KA - DONE BY 11:45,SCHD INTAKE PM:KA - DONE BY 11:45,SCHD INTAKE PM:KA - DONE BY 11:45,SCHD INTAKE PM:KA - DONE BY 11:45,,,
,,,,,,,,
,,,VINDALOO CUISINE:WI,,GABBYS+ NY:DE,,,
,,,"ROUTE TRAINING MTG KA, WI- 1PM- 45 MINS","BOOKED LABLAWS:WI, RICH",,,,
,,,,,KA TENT MORN OFF,,,
,,,MP:DE- CAN USE HIS CAR,BEGIN NY:DE,,,,
,,,,,,,,
,,,,,,,,
,,,,,,,,
,,,,,,,,
,,,,,,,,
,,,,,,,,
,,,,,,,,
NIGHT SHIFTS,,NO MP TUES,,,GABBYS+NY,,,
BONES,,BEACHES+SDM,MP,AJAX OR SCAR,OFFICE DAY,,,
,,PPRWRK,PPRWRK,PPRWRK EXTRAS,ROUTE DEP MTG:KA (AUD?),,,
,WILL AVAILABLE TUES OR THURS TO HELP WITH ROUTE,,,THURSDAY- FRIDAY KEEP LIGHT FOR DERICK,"TRAINING: KA, LAZ 12:30PM-3:00PM",,,
,,,,,,,,
SUN 09,MON 10,TUES 11,WED 12,THURS 13,FRI 14,SAT 14,,
,,,,,,,,
,"NOTE: 15, 16 OF JUNE DERICK UNNAVAILABLE",,,,,MAINT TEAM COLLAB- 7-8AM- TEXT CREW,,
,,BEACHES (SWISS CHALET):DE,STATIC PHONES 9-3:KA,,STATIC PHONES 9-3:KA,,,
,,DERICK BOOKED,,,,,,
,,,,,,,,
,,"SCHD TRAINING:PA, KA",,GABBYS = BLACK WINDOWS: DE,NY:DE- EARLY START 6 AM,,,
,BEACH: DE,,MP:DE,SCAR:DE- ESSENTIALS,,,,
,SDM:DE,PHONES 9-3:KA,,,,,,
,,,,WI+RI BOOKED,,PPRWRK ESSENTIALS:KA,,
,,PRKWRK:KA,PPRWRK:KA,,???:KA,,,
,,,,FIELD:KA,,,,
,,STATIC MTG OF MINDS+UPDATE 1 PM: WI/KA,,,,,,
,,,,,,,,
,,,,,,,,
,,,,,,,,
,,,,,,,,
,,,,,,,,
,,,,,,,,
,,,,,,,,
,RESTORATION HARDWARE,,,,,,,
,,,,,,,,
,TENT MIDTOWN MED SPA UPPERS DATE JUNE 19TH ,,,,,,,
,,,,,,,,
,,,,,,,,
,,,,,,,,
NIGHT SHIFTS,,NO MP TUES,,,GABBYS+NY,,,
BONES,,BEACHES+SDM,MP,AJAX OR SCAR,OFFICE DAY,,,
,,PPRWRK,PPRWRK,PPRWRK EXTRAS,ROUTE DEP MTG:KA (AUD?),,,
,WILL AVAILABLE TUES OR THURS TO HELP WITH ROUTE,,,THURSDAY- FRIDAY KEEP LIGHT FOR DERICK,"TRAINING: KA, LAZ 12:30PM-3:00PM",,,
,,,,,,,,
SUN 09,MON 10,TUES 11,WED 12,THURS 13,FRI 14,SAT 15,,
,,,,,,,,
,"NOTE: 15, 16 OF JUNE DERICK UNNAVAILABLE",,,,,MAINT TEAM COLLAB- 7-8AM- TEXT CREW,,
,,,STATIC PHONES 9-3:KA,,STATIC PHONES 9-3:KA,,,
,,,,,,,,
,,,,,,,,
,,"SCHD TRAINING:PA, KA",,,NY:DE- EARLY START 6 AM,,,
,BEACH: DE,,,,,,,
,SDM:DE,PHONES 9-3:KA,,,,,,
,,,,,,PPRWRK ESSENTIALS:KA,,
,,PRKWRK:KA,PPRWRK:KA,,???:KA,,,
,,,,,,,,
,,STATIC MTG OF MINDS+UPDATE 1 PM: WI/KA,,,,,,
,,,,,,,,
NIGHT SHIFTS,,NO MP TUES,,,GABBYS+NY,,,
BONES,,BEACHES+SDM,MP,AJAX OR SCAR,OFFICE DAY,,,
,,PPRWRK,PPRWRK,PPRWRK EXTRAS,ROUTE DEP MTG:KA (AUD?),,,
,WILL AVAILABLE TUES OR THURS TO HELP WITH ROUTE,,,THURSDAY- FRIDAY KEEP LIGHT FOR DERICK,"TRAINING: KA, LAZ 12:30PM-3:00PM",,,
,,,,,,,,
,KINGDOM HALL WINDOWS WERE DONE ON THE 15TH,,,,,,,
SUN 16,MON 17,TUES 18,WED 19,THURS 20,FRI 21,SAT 22,,
,,,,STATIC HONDA BOOKED FOR WORK,,,,
,,,,,,,,
,,,STATIC PHONES 9-3:KA,GABBYS+ SCAR LEFTOVERS FORM LAST WEEK:DE,STATIC PHONES 9-3:KA,,,
,,,,,,MAINT INTAKE:KA,,
,,MAINT/ PPRWRK:KA,MAINT/ PPRWRK:KA,NY LEFTOVERS FROM LAST WEEK:DE,,,,
,,,,,,PPRWRK:KA-BOOK DARNA AND AJISEN,,
,BEACH: DE,,MP:DE,AJAX: WI+ RI,NY:DE,,,
,,,SDM:DE,,,,,
,,,NY LEFTOVERS FROM LAST WEEK:DE,MAINT/ PPRWRK:KA,MAINT/ PPRWRK:KA,,,
,,STATIC MTG OF MINDS+UPDATE 1 PM: WI/KA,,,,,,
,,,STATIC MTG OF MINDS+UPDATE 1 PM: WI/KA,,,,,
,,,,,,,,
,,,,,,,,
,,,,,,,,
,,,,,,,,
,,,,,,,,
,,,,,,,,
,,,,,,,,
NIGHT SHIFTS,,NO MP TUES,,,GABBYS+NY,,,
BONES,,BEACHES+SDM,MP,AJAX OR SCAR,OFFICE DAY,,,
,,PPRWRK,PPRWRK,PPRWRK EXTRAS,ROUTE DEP MTG:KA (AUD?),,NOTES:,
,WILL AVAILABLE TUES OR THURS TO HELP WITH ROUTE,,,THURSDAY- FRIDAY KEEP LIGHT FOR DERICK,"TRAINING: KA, LAZ 12:30PM-3:00PM",,,
,,,,,,,SCHD TASKS ARE FILLED YELLOW AND BOLD LETTERS,
,KINGDOM HALL WINDOWS WERE DONE ON THE 15TH,,AUG 30-SEPT 4 HONDA UNNAVAILABLE- CONFIR WITH PASSION WHAT PROCIDURE TO USE.TO BOOK THIS,,,,,
SUN 23,MON 24,TUES 25,WED 26,THURS 27,FRI 28,SAT 29,ROUTE THIS COLOUR,
,,,STATIC PHONES 9-3:KA,STATIC HONDA BOOKED FOR WORK,STATIC PHONES 9-3:KA,,,
,,,,,HOMESTARS,,MAINT IS GREEN,
DARNA RESTAURANT:DE- 9:30 AM ARRIVAL,SOME POINT DEALERSHIP MAYBE USING DERICK?,,,,INPUT INTO DS IN WATERFED UPPERS FOR MONDAY- NOTE IF MIDTOWN MED SPA CAN BE DONE BY REG POLE.,,,
AJISEN RAMEN:DE- 11 AM ARRIVAL.,,BEACHES:DE,,,INPUT INTO DS RELEVE SIGN CLEANING.,PPRWRK:KA-BOOK DARNA AND AJISEN,ASK WORKERS BEFORE BOOKING ON HOLLIDAYS AND MAKE SURE ROUTE CAN HAPPEN THAT DAY.,
,,,MP: DE,SCAR:,,,,
,,,,SDM: DE,,GABBYS:DE,,
,,,,,NY:DE ,,SCHEDULE DISTINCTIVE BY DESIGN FOR THIS WEEK WITH A ROUTE LIKE BEACHES,
,KA FEILD,,PPRWRK:KA- SPECIAL PROJECT MAKE ROUTE CHARTS,,,,,
,,,,,PPRWRK:KA,,TENT JUNE 29 FRONT UPPER MIDTOWN MED SPA WINDOWS EARLY MORN- CONF WITH CLIENT,
,,STATIC MTG OF MINDS+UPDATE 1 PM: WI/KA,MTG OF MINDS WITH KA+ WILL,KA OFF AM,MAINT DEP MTG:KA,,,
,,,,PPRWRK:KA ,,,,
,,,MAINT:KA-PREP FOR WKND,,,,,
,,,,,,,,
,,,,,NEXT WEEK LIGHT FOR RESTORATION,,,
,,,,,,,,
,,,SHOPPERS 1403 FOR WEDNESDAY MORNING:DE- SEE JOB NOTES,,,,,
,,,,,,,,
,,,,,,,,
NIGHT SHIFTS,,NO MP TUES,,,GABBYS+NY,,,
BONES,,BEACHES+SDM (PUT SDM WITH MP),MP,AJAX OR SCAR,OFFICE DAY,A OR SC,,
,,PPRWRK,PPRWRK,PPRWRK EXTRAS,ROUTE DEP MTG:KA (AUD?),SDM KH,,
,WILL AVAILABLE TUES OR THURS TO HELP WITH ROUTE,,,THURSDAY- FRIDAY KEEP LIGHT FOR DERICK,"TRAINING: KA, LAZ 12:30PM-3:00PM",,,
,,,,,,,,
SUN 30,MON 01,TUES 02,WED 3,THURS 04,FRI 05,SAT 06,,
BONES NEEDS TO BE EDITED,,,,,PHONES 9-3 PM:KA,,,
,,,,,HOMESTARS:KA,PPRWRK/MAINT:KA,,
,UPPER WF ROUTE STORE CLEANINGS:RY,BEACH:DE,,PPRWRK: KA ,PPRWRK/MAINT:KA,,,
,RELEVE SIGN CLEANING:RY,,PPRWRK:KA,MAINT:KA,,PPRWRK SYSTEMS:KA,,
,RON  WHITE: RY,,,,GABBYS:DE,ROUTE DEP MTG:KA,,
,PONY CLUB SIGN:RY,STATIC MTG OF MINDS+UPDATE 1 PM: WI/KA,MP:DE,AJAX:DE,SHOPPERS 1403 I/O CLEANING:DE- RE SCHEDULE- NEED 6 FOOT LADDER,,,
,DE CLUTE DID NOT HAPPEN,,,,NY:DE,MAINT SYSTEMS:KA,,
,,KA FEILD???,,SDM:DE ,SDM:DE,,,
,PPRWRK:KA,,,,,,,
,,,,,,,,
,MAINT INTAKE:KA,,,,,,,
,,,,,,,,
,MAINTENEANCE:KA,,,,,,,
,,,,,,,,
,,,,,,,,
,,,,,,,,
,,,,,,,,
NIGHT SHIFTS,,NO MP TUES,,,GABBYS+NY,,,
BONES,,BEACHES+SDM,MP,AJAX OR SCAR,OFFICE DAY,A OR SC,,
,,PPRWRK,PPRWRK,PPRWRK EXTRAS,ROUTE DEP MTG:KA (AUD?),SDM KH,,
,WILL AVAILABLE TUES OR THURS TO HELP WITH ROUTE,,,THURSDAY- FRIDAY KEEP LIGHT FOR DERICK,"TRAINING: KA, LAZ 12:30PM-3:00PM",,,
,,,,,,,,
SUN 07,MON 08,TUES 09,WED 10,THURS 11,FRI 12,SAT 13,,
BONES NEEDS TO BE EDITED,,,,MAINT+PPRWRK EARLY AM:KA,ROUTE DEP MTG:KA,,,
,PPRWRK/MAINT:KA,,,KA OFF AM-EARLY AFTERNOON,MAINT+PPRWRK:KA- EARLY AM,GABBYS:DE,,
,,STATIC MTG OF MINDS+UPDATE 1 PM: WI/KA-----WHEN????????,SYSTEMS MAINT:KA,PPRWRK+ MAINT:KA AFT,MAINT+PPRWRK:KA-REMOTELY,,,
,MAINT DEP MTG:KA,ROUTE DEP MTG: KA,,,MAINT SYSTEMS:KA,,,
,,,MAINT: KA,,PPRWRK SYSTEMS:KA,,,
,,KA:FEILD,,,,,,
,,,PPRWRK:KA,MAINT AFT-RY??? FIND OUT FROM SCHD,,,,
,,WI+RI BOOKED BY SHHEDULING- HONDA,,,,,,
,,,,,MP:DE,NY:DE,,
,,BEACHES:DE,MP:DE,,SCAR:DE,,,
,,,,,SDM:DE,,,
,,,,,,,,
,,,,,,,,
,,,,DE BOOKED MOST OF DAY WITH OTHER JOB,,,,
,,,,,,,,
,,,,,,,,
,,,,,,,,
,,,,,,,,
NIGHT SHIFTS,,NO MP TUES,,,GABBYS+NY,,,
BONES,,BEACHES+SDM,MP,AJAX OR SCAR,OFFICE DAY,A OR SC,,
,,PPRWRK,PPRWRK,PPRWRK EXTRAS,ROUTE DEP MTG:KA (AUD?),SDM KH,,
,WILL AVAILABLE TUES OR THURS TO HELP WITH ROUTE,,,THURSDAY- FRIDAY KEEP LIGHT FOR DERICK,"TRAINING: KA, LAZ 12:30PM-3:00PM",,,
,,,,,,,,
SUN 14,MON 15,TUES 16,WED 17,THURS 18,FRI 19,SAT 20,,
BONES NEEDS TO BE EDITED,,,,,,,,
,,PPWRK:KA,,PPRWRK:KA,,,,
,,,,,GABBYS:DE,,,
,,,BEACHES:DE,MP:DE,NY:DE,,,
,,,,,,AJAX:DE,,
,,,,SDM:DE,,,,
,,,,,,,,
,,,,,,,,
,,,,,,,,
,,,,,,,,
,,,,,,,,
,,,,,,,,
,,,,,,,,
,,,,,,,,
,,,,,,,,
,,,,,,,,
,,,,,,,,
,,,,,,,,
,,,,,,,,
NIGHT SHIFTS,,NO MP TUES,,,GABBYS+NY,,,
BONES,,BEACHES+SDM,MP,AJAX OR SCAR,OFFICE DAY,A OR SC,,
,,PPRWRK,PPRWRK,PPRWRK EXTRAS,ROUTE DEP MTG:KA (AUD?),SDM KH,,
,WILL AVAILABLE TUES OR THURS TO HELP WITH ROUTE,,,THURSDAY- FRIDAY KEEP LIGHT FOR DERICK,"TRAINING: KA, LAZ 12:30PM-3:00PM",,,
,,,,,,,,
SUN 21,MON 22,TUES 23,WED 24,THURS 25,FRI 26,SAT 27,,
BONES NEEDS TO BE EDITED,,,,,,,,
,,,,PPRWRK:KA,,,,
,,PPRWRK/ MAINT:KA,PPRWRK/MAINT OFFICEWORK:KA,MAINT:KA,MAINT:KA,,,
,,,,,PPRWRK:KA,,,
,,MEETING WITH WILL- TBD TIME,"ROUTE MEETING:KA, WI ",COMPANY WORK SHOP AFT,,,,
,,,,,,,,
,,,,SCAR:WI+RI,GABBYS:DE,,,
,,,MP: DE- UNFINISHED- LEFTOVERS ANOTHER DAY THIS WEEK?,,NY:DE,,,
,,,SDM:DE,,,,,
,,HERO BURGER NORTH YORK:DE,,,,,,
,,,,,,,,
,,BEACHES:DE,,,,,,
,,,,,,,,
,,,,,,,,
,,,,,,,,
,,,,,,,,
,,,,,,,,
,,,,,,,,
,,,,,,,,
,,,,,,,,
NIGHT SHIFTS,,NO MP TUES,,,GABBYS+NY,,,
BONES,,BEACHES+SDM,MP,AJAX OR SCAR,OFFICE DAY,A OR SC,,
,,PPRWRK,PPRWRK,PPRWRK EXTRAS,ROUTE DEP MTG:KA (AUD?),SDM KH,,
,WILL AVAILABLE TUES OR THURS TO HELP WITH ROUTE,,,THURSDAY- FRIDAY KEEP LIGHT FOR DERICK,"TRAINING: KA, LAZ 12:30PM-3:00PM",,,
,,,,,,,,
SUN 28,MON 29,TUES 30,WED 31,THURSDAY 01,FRI 02,SAT 03,,
BONES NEEDS TO BE EDITED,,,,,,,,
,,,,PPRWRK:KA,,,,
,,PPRWRK/ MAINT:KA,PPRWRK/MAINT OFFICEWORK:KA,MAINT:KA,MAINT:KA,GABBYS:DE,,
,,,,,PPRWRK:KA,,,
,,MEETING WITH WILL- TBD CHANGE HE IS AT WORK,"TENT:ROUTE MEETING:KA, WI ","TENT: ROUTE MEETING:KA, WI ",PREPARE FOR PA BEING AWAY- SEE PHONE NOTES,,,
,,,,AJAX:DE,,,,
,,,MP:DE,,MUST HAPPEN ROUTE MEETING: WI+ KA,,,
,,BEACHES:DE,,,,,,
,,,,SDM:DE,,,,
,,,,,,,,
,,,,,NY:DE,,,
,,,,,,,,
,,,,,,,,
,,,,,,,,
,,,,,,,,
,,,,,,,,
,,,,,,,,
,,,,,,,,
,,,,,,,,
NIGHT SHIFTS,,NO MP TUES,,,GABBYS+NY,A OR SC,,
BONES,,BEACHES+SDM,MP,AJAX OR SCAR,OFFICE DAY,SDM KH,,
,,PPRWRK,PPRWRK,PPRWRK EXTRAS,ROUTE DEP MTG:KA (AUD?),,,
,WILL AVAILABLE TUES OR THURS TO HELP WITH ROUTE,,,THURSDAY- FRIDAY KEEP LIGHT FOR DERICK,"TRAINING: KA, LAZ 12:30PM-3:00PM",,,
,,,,,,SAT 10,,
SUN 04,MON 05,TUES 06,WED 07,THURSDAY 08,FRIDAY 09,,,
BONES NEEDS TO BE EDITED,,,,,,,,
,,,PA- AWAY- KALEIGH IS AT DESK ALONE- REFER TO AUDIE FOR QUESTIONS,PPRWRK:KA,NY:DE,,,
,,,PPRWRK/MAINT OFFICEWORK:KA,MAINT:KA,,,,
,,PPRWRK/MAINT:KA,,,,,,
,,MTG W/ WILL?,,,,,,
,,,,,,,,
,,BEACHES:DE,MP:DE-  MEET AT BOEM FOR 6:15 AM FULLY PREPPED TO ARRIVE AT MOUNT PLEASANT FOR 6:45 LATEST- TO DO THOBORS CAFE THEN SUMMERHILL MRKT,,NY:DE,,,
,,,,GABBYS:DE,,,,
,,,TENT ROUTE MTG:WILL+KA,JOB FROM SCHEDULING:DE,,,,
,,,,MP LEFTOVERS:DE,,,,
,,,,SDM:DE,,,,
,,,,,,,,
,,,,SCAR ROUTE:WI+RI,,,,
,,,,,,,,
,,,,,,,,
,,,,,,,,
,,,,,,,,
,,,,,,,,
,,,,,,,,
NIGHT SHIFTS,,NO MP TUES,,,GABBYS+NY,A OR SC,,
BONES,,BEACHES+SDM,MP,AJAX OR SCAR,OFFICE DAY,SDM KH,,
,,PPRWRK,PPRWRK,PPRWRK EXTRAS,ROUTE DEP MTG:KA (AUD?),,,
,WILL AVAILABLE TUES OR THURS TO HELP WITH ROUTE,,,THURSDAY- FRIDAY KEEP LIGHT FOR DERICK,"TRAINING: KA, LAZ 12:30PM-3:00PM",,,
,,,,,,SAT 10,,
SUN 11,MON 12,TUES 13,WED 07,THURSDAY 08,FRIDAY 09,,,
BONES NEEDS TO BE EDITED,,PPRWRK/MAINT:KA,,,,,,
,,TENT. MTG W/ WILL?,,,,,,
WEEK SUBJECT TO CHANGE,,,,,,,,
,,BEACHES:???,MP:DE,AJAX:???,NY:DE,,,
,,KH???,SDM:???,SDM:???,,,,
,,,,KH???,,,,
,,,,,,,,
,,,,,,,,
,,,,,,,,
,,TENT. WI+RI TRAINING,,TENT:WI+RI TRAINING,,,,
,,,,,,,,
,,,,,,,,
,,,,,,,,
,,,,,,,,
,,,,,,,,
,,,,,,,,
,,,,,,,,
,,,,,,,,
,,,,,,,,
,,,,,,,,
NIGHT SHIFTS,,NO MP TUES,,,GABBYS+NY,A OR SC,,
BONES,,BEACHES+SDM,MP,AJAX OR SCAR,OFFICE DAY,SDM KH,,
,,PPRWRK,PPRWRK,PPRWRK EXTRAS,ROUTE DEP MTG:KA (AUD?),,,
,WILL AVAILABLE TUES OR THURS TO HELP WITH ROUTE,,,THURSDAY- FRIDAY KEEP LIGHT FOR DERICK,"TRAINING: KA, LAZ 12:30PM-3:00PM",,,
,,,,,,SAT 17,,
SUN 11,MON 12,TUES 13,WED 14,THURSDAY 15,FRIDAY 16,,,
BONES NEEDS TO BE EDITED,,,,,,,,
,,TENT. MTG W/ WILL?,PPRWRK/MAINT ESSENTIALS:KA,PPRWRK/MAINT ESSENTIALS:KA,,,,
WEEK SUBJECT TO CHANGE,,,,,NY:DE,,,
,,BEACHES:DE,MP:DE,ROUTE MTG: WI+ KA- 3 PM,SDM:DE,,,
,,,,,,,,
,,,,,,,,
,,,,,,,,
,,,,,GABBYS+ AJAX:WI+RI,,,
,,,,,KH,,,
,,,,,,,,
,,,,,,,,
,,,,,,,,
,,,,,,,,
,,,,,,,,
,,,,,,,,
,,,,,,,,
,,,,,,,,
,,,,,,,,
,,,,,,,,
,,,,,,,,
,,,,,,,,
NIGHT SHIFTS,,NO MP TUES,,,GABBYS+NY,A OR SC,,
BONES,,BEACHES+SDM,MP,AJAX OR SCAR,OFFICE DAY,SDM KH,,
,,PPRWRK,PPRWRK,PPRWRK EXTRAS,ROUTE DEP MTG:KA (AUD?),,,
,WILL AVAILABLE TUES OR THURS TO HELP WITH ROUTE,,,THURSDAY- FRIDAY KEEP LIGHT FOR DERICK,"TRAINING: KA, LAZ 12:30PM-3:00PM",,,
,,,,,,SAT 17,,
SUN 11,MON 12,TUES 13,WED 14,THURSDAY 15,FRIDAY 16,,,
BONES NEEDS TO BE EDITED,,,,,,,,
,,,,MAINT/PPRWRK:KA,GABBYS+NY:WI+RI,,,
WEEK SUBJECT TO CHANGE,,BEACHES:WI+RI,MP:WI,,,,,
,,,SCAR:WI,HD OFFICE OPTIMIZATION,,,,
,,PPRWRK/MAINT:KA,,,,,,
,,COMPANY OPTIMIZATION- 8 AM-ON,,,MAINT/PPRWRK:KA???,,,
,,,,,,,,
,,,,,HD OFFICE OPTIMIZATION???,,,
,,,,,,,,
,,,,,,,,
,,,,,,,,
,,,,,,,,
,,,,,,,,
,,,,,,,,
,,,,,,,,
,,,,,,,,
,,,,,,,,
,,,,,,,,
,,,,,,,,
,,,,,,,,
NIGHT SHIFTS,,NO MP TUES,,,GABBYS+NY,A OR SC,,
BONES,,BEACHES+SDM,MP,AJAX OR SCAR,OFFICE DAY,SDM KH,,
,,PPRWRK,PPRWRK,PPRWRK EXTRAS,ROUTE DEP MTG:KA (AUD?),,,
,WILL AVAILABLE TUES OR THURS TO HELP WITH ROUTE,,,THURSDAY- FRIDAY KEEP LIGHT FOR DERICK,"TRAINING: KA, LAZ 12:30PM-3:00PM",,,
,,,,,,SAT ,,
SUN 25,MON 26,TUES 27,WED 28,THURSDAY 29,FRIDAY 30,,,
,,HD OPTIMIZATION!,HD OPTIMIZATION!,,HD OPTIMIZATION!,,,
,,PPRWRK/MAINT:KA,,,,,,
,,,MAINT/PPRWRK:KA,,MAINT/PPRWRK:KA,,,
,,,,,,,,
,,MP:WI,GABBYS+NY:WI,,,,,
,,SDM:WI,,,NY:LEFTOVERS,NY:LEFTOVERS,,
,,,,,KH:WI,KH:WI,,
,,,,,,,,
,,,,,,,,
,,,,,,,,
,,,,,,,,
,,,,,,,,
,,,,,,,,
,,,,,,,,
,,,,,,,,
,,,,,,,,
,,,,,,,,
,,,,,,,,
,,,,,,,,
,,,,,,,,
,,,,,,,,
,,,,,,,,
,,,,,,,,
,,,,,,,,
NIGHT SHIFTS,,NO MP TUES,,,GABBYS+NY,A OR SC,,
BONES,,BEACHES+SDM,MP,AJAX OR SCAR,OFFICE DAY,SDM KH,,
,,PPRWRK,PPRWRK,PPRWRK EXTRAS,ROUTE DEP MTG:KA (AUD?),,,
,WILL AVAILABLE TUES OR THURS TO HELP WITH ROUTE,,,THURSDAY- FRIDAY KEEP LIGHT FOR DERICK,"TRAINING: KA, LAZ 12:30PM-3:00PM",,,
,,,,,,SAT ,,
SUN 01,MON 02,TUES 03,WED 04,THURSDAY 05,FRIDAY 06,,,
WHO IS DOING ROUTE THESE DAYS?,,"8-12 PM SCHD SYSTEMS: KA, LAZ, PA",KH:RI- WHEN???,SCAR:RI- WHEN THIS ROUTE HAPPENING- NECESSARY STORES...,,,,
,LABOUR DAY MOST STORES CLOSED,,,,,,,
,,PPRWRK:KA,PPRWRK:KA,KALEIGH IN FEILD,GABBYS: WI,,,
,,,MAINT OPTIMIZATION:KA,,NY:WI,,,
,,,,,,,,
,,,MP:WI,SEND SCHEDULER ROUTE INFO- SEE NOTEBOOK,SCAR:RI,,,
,,AJAX WENDYS:RI,,,,,,
,,BEACHES:RI,,,,,,
,,KH?- LET RI KNOW,,,,,,
,"3PM MTG OF MINDS AND SCHD SYSTEMS- KA, RO , AU, PA",SDM:WI,,,,,,
,,,,,,,,
,,,,,,,,
,,,,,,,,
,,,,,,,,
,,,,,,,,
,,,,,,,,
,,,,,,,,
,,,,,,,,
,,,,,,,,
,,,,,,,,
,,,,,,,,
NIGHT SHIFTS,,NO MP TUES,,,GABBYS+NY,A OR SC,,
BONES,,BEACHES+SDM,MP,AJAX OR SCAR,OFFICE DAY,SDM KH,,
,,PPRWRK,PPRWRK,PPRWRK EXTRAS,ROUTE DEP MTG:KA (AUD?),,,
,WILL AVAILABLE TUES OR THURS TO HELP WITH ROUTE,,,THURSDAY- FRIDAY KEEP LIGHT FOR DERICK,"TRAINING: KA, LAZ 12:30PM-3:00PM",,,
,,,,,,SAT ,,
SUN 08,MON 09,TUES 10,WED 11,THURSDAY 12,FRIDAY 13,,,
,,,,,,,,
,,PPRWRK/MAINT OPTIMIZATION:KA,PPRWRK/MAINT OPTIMIZATION: KA,PPRWRK/MAINT OPTIMIZATION: KA,PPRWRK/MAINT OPTIMIZATION: KA,ROUTE/MAINTENANCE OPTIMIZATION:KA,,
,,,,,,,,
,GABBYS+ BEACHES:RI,,MP: WI,NY:WI+RI,AJAX:RI,,,
,,KH: VOLUNTEER TIME,SDM:WI- DO AS EARLY AS POSSIBLE IN THE DAY.,,SCAR ROUTE MISSED LAST WEEK DOING THIS WEEK- ONLY DID ESSENTIALS ,,,
,,,,,,,,
,,,,,,,,
,,,,,,,,
,,,,,,,,
,,,,,,,,
,,,,,,,,
,,,,,,,,
,,,,,,,,
,,,,,,,,
,,,,,,,,
,,,,,,,,
,,,,,,,,
,,,,,,,,
,,,,,,,,
,,,,,,,,
NIGHT SHIFTS,,NO MP TUES,,,GABBYS+NY,A OR SC,,
BONES,,BEACHES+SDM,MP,AJAX OR SCAR,OFFICE DAY,SDM KH,,
,,PPRWRK,PPRWRK,PPRWRK EXTRAS,ROUTE DEP MTG:KA (AUD?),,,
,WILL AVAILABLE TUES OR THURS TO HELP WITH ROUTE,,,THURSDAY- FRIDAY KEEP LIGHT FOR DERICK,"TRAINING: KA, LAZ 12:30PM-3:00PM",,,
,,,,,,SAT ,,
SUN 15,MON 16,TUES 17,WED 11,THURSDAY 12,FRIDAY 13,,,
,,ROUTE/ MAINTNENANCE:KA,ROUTE/ MAINTNENANCE:KA,,,,,
,,SCHEDULING TRAINING,SCHEDULING TRAINING,ROUTE/MAINTENANCE:KA,PUT BOTH WILL AND RICHMOND ON THIS DAY ONLY IF THERE IS MOUNT PLEASANT SPILL OVER- OTHERWISE ONLY USE ONE TECHNICHIAN ,,,
ROUTE/MAINT SYSTEMS:KA,ROUTE/ MAINTNENANCE:KA,,,SCHEDULING:KA+LAZ,,,,
OFFICE WORK:KA,,,,,BOOK LIGHT LABLAWS IS ALL WEEEKEND,,,
,RICHMOND BOOKED FOR RH HARDWARE,,,,,,,
,,,,GABBYS+SCAR:RI,GABBYS,,,
,NY ROUTE:WI,DO NOT BOOK WORK,,,SDM,,,
,,,,MP:WI,BEACHES,,,
,,NIGHT SHIFT ,,SDM:WI,SCAR,,,
,,,,,,,,
,,,,POSSIBLE NY LEFTOVERS- KA --ASSESS,,,,
,,,,,,,,
,,,,,,,,
,,,,,,,,
,,,,,,,,
,,,,,,,,
,,,,,,,,
,,,,,,,,
,,,,,,,,
,,,,,,,,
NIGHT SHIFTS,,NO MP TUES,,,GABBYS+NY,A OR SC,,
BONES,,BEACHES+SDM,MP,AJAX OR SCAR,OFFICE DAY,SDM KH,,
,,PPRWRK,PPRWRK,PPRWRK EXTRAS,ROUTE DEP MTG:KA (AUD?),,,
,WILL AVAILABLE TUES OR THURS TO HELP WITH ROUTE,,,THURSDAY- FRIDAY KEEP LIGHT FOR DERICK,"TRAINING: KA, LAZ 12:30PM-3:00PM",,,
,,,,,,SAT 28,,
SUN 22,MON 23,TUES 24,WED 25,THURSDAY 26,FRIDAY 27,,,
,,,,,,,,
,,ROUTE WORK:KA,KA SCHEDULING,,,ROUTE PPWORK:KA ,,
ROUTE/MAINT SYSTEMS:KA,,MAINT WORK:KA,,,,,,
OFFICE WORK:KA,,,,,,,,
,,,,,,,,
,,,,,,,,
,,,,,,,,
,,,,,,,,
,,,,,,,,
,,,,,,,,
,,,,,,,,
,,,,,,,,
,,,,,,,,
,,,,,,,,
,,,,,,,,
,,,,,,,,
,,,,,,,,
,,,,,,,,
,,,,,,,,
,,,,,,,,
NIGHT SHIFTS,,NO MP TUES,,,GABBYS+NY,A OR SC,,
BONES,,BEACHES+SDM,MP,AJAX OR SCAR,OFFICE DAY,SDM KH,,
,,PPRWRK,PPRWRK,PPRWRK EXTRAS,ROUTE DEP MTG:KA (AUD?),,,
,WILL AVAILABLE TUES OR THURS TO HELP WITH ROUTE,,,THURSDAY- FRIDAY KEEP LIGHT FOR DERICK,"TRAINING: KA, LAZ 12:30PM-3:00PM",,,
,,,,,,SAT 05,,
SUN 29,MON 30,TUES 01,WED 02,THURSDAY 03,FRIDAY 04,,,
,ROUTE TRAINING THIS WEEK?,,,SCHEDULE SDM FOR THIS WEEK,,,,
SDM: WI+KA,,,,,,,,
ROUTE PPRWRK:KA,,,,ROUTE AM:KA,DONNING OFF ROUTE :KA,,,
,ROUTE PPRWRK:KA,ROUTE PPRWRK:KA,ROUTE AM:KA,SCHEDULING TRAINING:KA,,,,
,,,SCHEUDLING PM:KA,,SCHEDULING TRAINING:KA,,,
,,,,GABBYS:RI,,,,
,,NY:WI,MP:WI+RI,BEACHES: RI,,,,
,,AJAX:RI,,SCAR: RI,,,,
,,,,,,,,
,,,,,,,,
,,,,,,,,
,,,,,,,,
,,,,,,,,
,,,,,,,,
,,,,,,,,
,,,,,,,,
,,,,,,,,
,,,,,,,,
,,,,,,,,
,,,,,,,,
NIGHT SHIFTS,,NO MP TUES,,,GABBYS+NY,A OR SC,,
BONES,,BEACHES+SDM,MP,AJAX OR SCAR,OFFICE DAY,SDM KH,,
,,PPRWRK,PPRWRK,PPRWRK EXTRAS,ROUTE DEP MTG:KA (AUD?),,,
,WILL AVAILABLE TUES OR THURS TO HELP WITH ROUTE,,,THURSDAY- FRIDAY KEEP LIGHT FOR DERICK,"TRAINING: KA, LAZ 12:30PM-3:00PM",,,
,,,,,,SAT 12,,
SUN 06,MON 07,TUES 08,WED 09,THURSDAY 10,FRIDAY 11,,,
,,,,,GABBYS:WI,,,
,,DONNING OFF ROUTE:KA,,,,,,
,,SCHED TRAINING:KA,,,DONNING OFF ROUTE:KA,,,
,,,DONNING OFF ROUTE:KA,,MAINT MTG:KA WITH OTHERS,,,
,SDM WHEN???,,,,,,,
,,,GABBYS:WI,DONNING OFF ROUTE:KA,,,,
,,,MP:WI,,,,,
,,,,,AJAX:RI,,,
,,,,,KH:RI,,,
,,,,,,,,
,,,,,,,,
,,,,,SDM: WI ,,,
,,,,,TASIOS DENTAL ( REPEAT IN BONES EVERY WEEK):WI,,,
,,,,,CHIANG MAI:WI,,,
,,,,,BEACHES:WI,,,
,,,,,,,,
,,,,,,,,
,,,,,,,,
,,,,,,,,
,,,,,,,,
NIGHT SHIFTS,,,,,,,,
BONES,,,,,A OR SC,,,
,NY,G+B,MP,,SDM KH,,,
,,,,,,,,
,,,,,,,,
SUN 13,MON 14,TUES 15,WED 16,THURS 17,FRI19,SAT19,,
,,,,,,,,
,,,,,,,,
DONNING OFF ROUTE:KA,SCHEDULE SDM SPECIFIC WIDNOWS ACCORDINGLY FOR THIS WEEK CLEANING,,,,,,,
,,SCHED TRAINING:KA,,,,DONNING OFF ROUTE:KA,,
,DONNING OFF ROUTE:KA,ROUTE TASKS:KA,SCHD TRAINING:KA,SCHD TRAINING:KA,,MAINTENANCE TRASNFR:KA+RY,,
,,,MAINT MTG?:KA+RY,DONNNG OFF ROUTE:KA,,,,
,,,,,,,,
,,,,MAINT MTG?:KA+RY,,,,
,,,,,,,,
,,,,,,,,
,,,,,,,,
,,,,,,,,
,,,,,,,,
,,,,,,,,
,,,,,,,,
,,,,,,,,
,,,,,,,,
,,,,,,,,
,,,,,,,,
NIGHT SHIFTS,,,,,,,,
BONES,,,,,A OR SC,,,
,NY,G+B,MP,,SDM KH,,,
,,,,,,,,
,,,,,,,,
SUN 13,MON 14,TUES 15,WED 16,THURS 17,FRI19,SAT19,,
,,,,,,,,
,,,,,,,,
DONNING OFF ROUTE:KA,SCHEDULE SDM SPECIFIC WIDNOWS ACCORDINGLY FOR THIS WEEK CLEANING,,,,,,,
,,SCHED TRAINING:KA,,,,DONNING OFF ROUTE:KA,,
,DONNING OFF ROUTE:KA,ROUTE TASKS:KA,Intake: KA,SCHD TRAINING:KA,,MAINTENANCE TRASNFR:KA+RY,,
,,,DONNING OFF ROUTE:KA,DONNNG OFF ROUTE:KA,,,,
,,,Maint:ka,,,,,
,,,,MAINT MTG?:KA+RY,,,,
